capitulo,pregunta,respuesta,a,b,c,d,e
c01,Según el texto ¿qué filósofo define la filosofía como una actividad para la transformación del mundo?,c,Platón,Hegel,Carlos Marx,Aristóteles,Husserl
c01,¿Qué actitud humana considera a las cosas como objetos de uso y consumo?,a,Pragmática,Estética,Moral,Religiosa,Científica
c01,¿Quién concibe la filosofía como un árbol cuya raíz es la metafísica?,d,Platón,Marx,Hegel,René Descartes,Aristóteles
c01,La característica filosófica que busca los fundamentos y primeros principios se denomina:,b,Universal,Radical,Crítica,Sistemática,Metódica
c01,¿Qué disciplina filosófica estudia el fundamento y naturaleza de las ciencias?,c,Ontología,Axiología,Epistemología,Ética,Antropología
c01,Para Ludwig Wittgenstein la filosofía es una actividad esclarecedora del:,e,Alma,Ser,Espíritu,Mundo,Lenguaje
c01,¿Qué actitud surge en situaciones límite como la guerra o la cercanía a la muerte?,d,Científica,Académica,Religiosa,Filosófica espontánea,Moral
c01,La disciplina filosófica que trata sobre la naturaleza del valor se llama:,a,Axiología,Ética,Estética,Gnoseología,Ontología
c01,Según Aristóteles la filosofía es la ciencia teórica de:,b,Las ideas puras,Los primeros principios y causas,La transformación social,El lenguaje lógico,La teología
c01,¿Qué característica de la filosofía indica que sus argumentos están organizados en teorías?,d,Trascendente,Radical,Universal,Sistemática,Crítica
c01,La actitud estética se caracteriza por:,c,Analizar la estructura del objeto,Buscar la utilidad del objeto,Gozar frente a la presencia de las cosas,Juzgar lo bueno y lo malo,Buscar a Dios en las cosas
c01,¿Qué filósofo afirmó que "filosofar es el extraordinario preguntar por lo extraordinario"?,a,Martín Heidegger,Edmund Husserl,Bertrand Russell,Platón,Hegel
c01,La filosofía es "trascendente" porque:,e,Es racional,Critica todo,Busca el origen,Es un saber absoluto,Va más allá de lo observable
c01,¿Quién definió la filosofía como el saber intermedio entre la teología y la ciencia?,b,Descartes,Bertrand Russell,Marx,Platón,Wittgenstein
c01,La disciplina que problematiza sobre la esencia y sentido de la existencia del hombre es:,c,Ontología,Ética,Antropología filosófica,Gnoseología,Epistemología
c01,La actitud moral se manifiesta cuando:,a,Catalogamos conductas como correctas o incorrectas,Buscamos la utilidad económica,Admiramos la belleza,Investigamos rigurosamente,Oramos a un ser supremo
c01,¿Qué filósofo considera que la filosofía es el saber absoluto de la realidad?,d,Marx,Russell,Aristóteles,Hegel,Heidegger
c01,La característica "crítica" de la filosofía implica:,b,Aceptar verdades absolutas,Cuestionar supuestos y creencias,Usar métodos matemáticos,Buscar la utilidad inmediata,Organizar teorías
c01,¿Qué disciplina filosófica estudia el fundamento de lo bello?,e,Ética,Axiología,Ontología,Epistemología,Estética
c01,Según Platón la filosofía es dialéctica para ascender a:,c,La materia,La naturaleza,La contemplación de las ideas,La revolución social,El análisis del lenguaje
c02,Etimológicamente la palabra ontología proviene de voces griegas que significan:,a,Teoría del ser,Amor a la sabiduría,Estudio del hombre,Tratado del valor,Teoría del conocimiento
c02,¿Qué filósofo plantea la pregunta cardinal: "¿qué es lo primario en la relación ser-pensar"?,b,Platón,Federico Engels,Kant,Descartes,Hegel
c02,El idealismo objetivo sostiene que las cosas materiales dependen de:,c,La percepción humana,La materia misma,Entidades ideales o espirituales,La evolución biológica,El azar
c02,¿Qué tesis pertenece al materialismo filosófico?,d,La materia fue creada por Dios,La conciencia es primaria,El espíritu es eterno,La materia es eterna e infinita,El alma es inmaterial
c02,El filósofo George Berkeley afirmó que "ser es...",a,Ser percibido,Ser material,Ser pensado,Ser eterno,Ser creado
c02,¿Qué tipo de materialismo fue defendido por Demócrito y Leucipo?,b,Dialéctico,Atomista,Mecanicista,Histórico,Espontáneo
c02,La ley dialéctica que explica cómo lo nuevo supera a lo viejo conservando aspectos se llama:,e,Unidad de contrarios,Salto cualitativo,Lucha de clases,Cambio cuantitativo,Negación de la negación
c02,El método metafísico se caracteriza por estudiar los objetos como:,c,Procesos dinámicos,Contradicciones internas,Entes aislados y estáticos,Sistemas interconectados,Evoluciones constantes
c02,Según el materialismo dialéctico la conciencia es:,a,Producto de la materia altamente desarrollada,Independiente del cerebro,Creadora de la materia,Anterior a la naturaleza,De origen divino
c02,El idealismo subjetivo niega la existencia de:,d,La conciencia,Las sensaciones,Dios,La materia independiente de la conciencia,El sujeto pensante
c02,¿Qué filósofos desarrollaron el materialismo dialéctico?,b,Holbach y La Mettrie,Marx y Engels,Platón y Aristóteles,Hume y Locke,Descartes y Kant
c02,La tesis "la materia no se crea ni se destruye solo se transforma" corresponde a la:,c,Infinitud de la materia,Creación divina,Eternidad de la materia,Primacía de la conciencia,Finitud del universo
c02,El materialismo mecanicista del siglo XVIII comparaba la realidad con:,e,Un organismo vivo,Un río fluyendo,Una idea absoluta,Un átomo indivisible,Una gran máquina
c02,¿Qué ley dialéctica explica que los cambios de cantidad dan lugar a cambios de calidad?,a,Tránsito de cambios cuantitativos a cualitativos,Negación de la negación,Unidad de contrarios,Identidad lógica,Causa y efecto
c02,Para el idealismo religioso el principio de todo es:,b,El átomo,Dios o entidad divina,La naturaleza,La razón humana,La sociedad
c02,¿Quién consideró que las cosas son meros "complejos de sensaciones"?,d,Marx,Engels,Platón,Ernst Mach,Holbach
c02,El método dialéctico concibe la realidad como:,c,Invariable y quieta,Un conjunto de cosas aisladas,Un todo articulado y en constante cambio,Una creación estática,Una suma de partes independientes
c02,Según el materialismo la base biológica de la conciencia es:,e,El corazón,El alma,El espíritu,Los sentidos,El cerebro
c02,¿Qué filósofo medieval es representante del idealismo religioso?,a,Agustín de Hipona,Carlos Marx,Federico Engels,Demócrito,Epicuro
c02,La contradicción interna de los objetos según la dialéctica genera:,b,Estabilidad,Movimiento y transformación,Aislamiento,Caos sin sentido,Orden estático
c03,La antropología filosófica tiene como finalidad indagar sobre:,c,La anatomía humana,La conducta social,El origen y esencia del hombre,La historia política,La evolución biológica
c03,La postura que sostiene que el hombre es obra de un ser superior (Dios) se llama:,a,Creacionismo,Evolucionismo,Naturalismo,Marxismo,Existencialismo
c03,¿Qué filósofo afirmó que "el trabajo fue el factor determinante en la evolución del simio al hombre"?,b,Darwin,Engels,Spencer,Nietzsche,Scheler
c03,La definición clásica del hombre como "animal racional y político" fue propuesta por:,d,Platón,Sócrates,Descartes,Aristóteles,Kant
c03,El Creacionismo Evolucionista fue sostenido por:,e,Marx,Darwin,Nietzsche,Sartre,Teilhard de Chardin
c03,¿Qué teoría afirma que el hombre es una unidad psicosomática sujeta a leyes naturales?,b,Espiritualismo,Naturalismo,Dualismo,Simbolismo,Existencialismo
c03,René Descartes postuló un dualismo en el hombre compuesto por:,a,Materia y pensamiento (cuerpo y alma),Razón y corazón,Instinto y sociedad,Naturaleza e historia,Bien y mal
c03,Para Ernst Cassirer lo fundamental en el hombre es que es un:,c,Animal político,Animal racional,Animal simbólico,Ser para la muerte,Ser social
c03,El existencialismo de Sartre sostiene que en el hombre:,d,La esencia precede a la existencia,El destino está escrito,Todo está determinado por Dios,La existencia precede a la esencia,No hay libertad
c03,Según el marxismo ¿qué determina la conciencia social?,e,El espíritu absoluto,La voluntad individual,La herencia biológica,La idea innata,El ser social
c03,El filósofo que afirmó "el hombre es una enfermedad para la tierra" fue:,b,Spencer,Nietzsche,Marx,Hegel,Pascal
c03,Max Scheler es representante del:,a,Espiritualismo,Naturalismo,Marxismo,Evolucionismo,Pragmatismo
c03,¿Quién sostuvo que "el corazón posee razones que la razón desconoce"?,c,Descartes,Kant,Pascal,Hume,Locke
c03,La postura que afirma que el hombre es su historia y no tiene esencia fija es el:,d,Naturalismo,Dualismo,Simbolismo,Historicismo,Creacionismo
c03,¿Qué filósofo español afirmó "yo soy yo y mis circunstancias"?,e,Unamuno,Savater,Zubiri,Marías,Ortega y Gasset
c03,Según Martín Heidegger el hombre es un:,a,Ser-en-el-mundo,Animal racional,Espíritu puro,Animal evolucionado,Reflejo de Dios
c03,El fijismo es una postura vinculada al:,b,Evolucionismo,Creacionismo,Marxismo,Existencialismo,Historicismo
c03,Para Marx el hombre es un ser concreto que pertenece a:,c,El reino de los cielos,La naturaleza salvaje,Una clase social,El mundo de las ideas,Una realidad virtual
c03,¿Qué filósofo inglés consideró que la evolución es una realidad omnipresente?,d,Locke,Hume,Bacon,Spencer,Hobbes
c03,Según el Espiritualismo la persona tiene autonomía frente a:,e,La sociedad,La razón,La historia,La cultura,Lo orgánico
c04,La gnoseología es la disciplina filosófica que trata sobre:,a,El ser,Los valores,El conocimiento,La belleza,La moral
c04,El componente del acto del conocimiento que capta las cualidades del objeto es:,b,El objeto,El sujeto,La representación,La verdad,El juicio
c04,La característica del conocimiento que indica que es válido para todos los hombres es:,c,Necesario,Objetivo,Universal,Fundamentado,Sensible
c04,El conocimiento "a priori" se caracteriza por:,d,Surgir después de la experiencia,Ser contingente,Depender de los sentidos,Ser universal y necesario,Ser particular
c04,Un juicio en el que el predicado ya está contenido en el sujeto se llama:,a,Analítico,Sintético,A posteriori,Vulgar,Empírico
c04,Según Kant los juicios que aumentan el conocimiento y son universales son los:,e,Analíticos,Sintéticos a posteriori,De percepción,De experiencia,Sintéticos a priori
c04,El conocimiento vulgar u ordinario se caracteriza por ser:,b,Metódico,Empírico y acrítico,Sistemático,Riguroso,Universal
c04,¿Qué tipo de conocimiento es producto de la deducción o inferencia?,c,Sensible,Intuitivo,Racional,Directo,Vulgar
c04,La verdad concebida como correspondencia entre conocimiento y objeto es una teoría de:,d,Platón,Hegel,Kant,Aristóteles,Descartes
c04,La seguridad plena de estar en la verdad se denomina:,a,Evidencia,Certeza,Duda,Fe,Opinión
c04,Si decimos "La ballena es un cetáceo" estamos expresando un:,b,Concepto,Juicio,Razonamiento,Deseo,Mandato
c04,El conocimiento científico se diferencia del vulgar porque es:,c,Espontáneo,Subjetivo,Metódico y sistemático,Acrítico,Inútil
c04,Un conocimiento es "objetivo" cuando:,d,Es aceptado por la mayoría,Es útil para el sujeto,Depende del punto de vista,Representa las características del objeto sin alterarlo,Es una creencia personal
c04,El conocimiento discursivo se produce de forma:,e,Inmediata,Directa,Sensible,Intuitiva,Mediata e intelectual
c04,¿Qué criterio de verdad se basa en las consecuencias beneficiosas o utilidad?,a,Pragmático (Utilidad),Autoridad,Evidencia,Ausencia de contradicción,Práctica
c04,Cuando desaparece la seguridad de la verdad se produce la:,b,Certeza,Duda,Evidencia,Ciencia,Fe
c04,Según Kant la validez "a posteriori" se prueba mediante:,c,El análisis racional,La lógica formal,La experiencia sensible,La definición de conceptos,La intuición pura
c04,La "representación" en el acto de conocimiento es:,d,El objeto físico,El sujeto mismo,La realidad externa,La imagen o concepto mental,La acción de conocer
c04,El enunciado "7 + 5 = 12" es un ejemplo de juicio:,e,Analítico,Sintético a posteriori,Vulgar,De percepción,Sintético a priori
c04,La ausencia de contradicción es un criterio de verdad que busca la:,a,Coherencia,Utilidad,Autoridad,Experiencia,Práctica
c05,¿Qué postura afirma que el sujeto puede captar el objeto tal como es sin cuestionamientos?,a,Dogmatismo,Escepticismo,Criticismo,Relativismo,Pragmatismo
c05,El escepticismo radical niega la posibilidad de:,b,Dudar,Cualquier conocimiento,Opinar,Percibir,Sentir
c05,¿Quién es el autor de la frase "el hombre es la medida de todas las cosas" (Relativismo)?,c,Gorgias,Pirrón,Protágoras,Platón,Sócrates
c05,El Agnosticismo declara imposible el conocimiento de:,d,Los fenómenos,La naturaleza,Las matemáticas,Los entes metafísicos (Dios),La historia
c05,El Racionalismo afirma que la fuente del conocimiento es:,e,La experiencia,Los sentidos,La fe,La práctica,La razón
c05,¿Qué filósofo sostuvo que la mente al nacer es una "tabula rasa" (hoja en blanco)?,a,Locke,Descartes,Leibniz,Spinoza,Platón
c05,El Criticismo (Apriorismo) de Kant propone que el conocimiento surge de:,b,Solo la razón,La síntesis de razón y experiencia,Solo la experiencia,La revelación divina,La intuición mística
c05,Para el Realismo el objeto de conocimiento es:,c,Una creación de la mente,Un conjunto de sensaciones,Independiente de la conciencia,Dependiente del sujeto,Una ilusión
c05,El Idealismo Subjetivo de Berkeley sostiene la tesis:,d,Pienso luego existo,Todo fluye,Ver para creer,Ser es ser percibido,La materia es eterna
c05,El Fenomenalismo plantea que conocemos:,e,Las cosas en sí (noúmenos),La esencia última,Dios,El alma,Los fenómenos (lo que aparece)
c05,La teoría de la verdad como "coherencia" fue sostenida por:,a,Otto Neurath,Aristóteles,William James,Alfred Tarski,Locke
c05,La teoría semántica de la verdad fue defendida por:,b,James,Alfred Tarski,Aristóteles,Hume,Descartes
c05,El Pragmatismo sostiene que un juicio es verdadero si es:,c,Lógico,Coherente,Útil y beneficioso,Eterno,Universal
c05,Según el Positivismo de Comte el único conocimiento válido es el:,d,Religioso,Metafísico,Filosófico,Científico (experimental),Mítico
c05,Descartes es un representante del:,e,Empirismo,Escepticismo,Materialismo,Positivismo,Racionalismo
c05,¿Qué filósofo afirmó que "la experiencia es ciega sin la razón"?,,a,Kant,Hume,Locke,Bacon,Aristóteles
c05,El escepticismo de Pirrón de Elis recomienda:,b,Afirmar todo,Suspender el juicio (epojé),Creer en la ciencia,Confiar en los sentidos,Buscar la utilidad
c05,Para el Empirismo no hay nada en la mente que no haya estado antes en:,c,La razón,Las ideas innatas,Los sentidos,El alma,La lógica
c05,La teoría de la redundancia dice que la verdad:,d,Es correspondencia,Es utilidad,Es coherencia,Solo tiene sentido de énfasis,Es indefinible
c05,David Hume es un representante del:,e,Racionalismo,Dogmatismo,Idealismo objetivo,Realismo ingenuo,Agnosticismo/Empirismo
c06,¿Cuál es la etimología de la palabra epistemología?,a,Episteme (ciencia) y logos (discurso),Episteme (valor) y logos (estudio),Ethos (costumbre) y logos (tratado),Mythos (relato) y logos (razón),Axiós (valioso) y logos (discurso)
c06,¿Qué característica define al conocimiento científico como ordenado?,d,Objetivo,Metódico,Racional,Sistemático,Falible
c06,La característica que indica que las teorías científicas pueden ser refutadas es:,c,Perfectible,Selectivo,Falible,Objetivo,Racional
c06,¿Qué función de la ciencia permite conocer las cualidades y características del objeto?,a,Descripción científica,Explicación científica,Predicción científica,Aplicación científica,Hipótesis científica
c06,¿Qué significa que la ciencia sea metódica?,b,Que elige un tema específico,Que sigue reglas y procedimientos secuenciales,Que se basa en argumentos racionales,Que reproduce el sistema del objeto,Que busca beneficios para el hombre
c06,La indagación de las causas de un fenómeno corresponde a la:,b,Descripción,Explicación,Predicción,Aplicación,Contrastación
c06,¿Cuál es el primer paso del método científico ante la falta de información?,e,Hipótesis,Contrastación,Ley,Teoría,Problema
c06,La propuesta de solución a un problema científico se denomina:,c,Ley,Teoría,Hipótesis,Descripción,Axioma
c06,¿Qué ciencias tienen como objeto de estudio entidades abstractas o formas?,a,Ciencias formales,Ciencias reales,Ciencias fácticas,Ciencias sociales,Ciencias naturales
c06,Las matemáticas y la lógica son ejemplos de ciencias:,d,Sociales,Naturales,Fácticas,Formales,Aplicadas
c06,¿Qué método usan principalmente las ciencias reales o fácticas?,b,Deductivo,Inductivo,Dialéctico,Fenomenológico,Analítico
c06,¿Qué función de la ciencia dio lugar a la tecnología moderna?,d,Descripción,Explicación,Predicción,Aplicación,Teorización
c06,¿Qué es una ley científica?,a,Una proposición verdadera que describe una regularidad natural,Un conjunto de hipótesis verificadas,Una guía de investigación sujeta a prueba,Un uso práctico del conocimiento,Una entidad abstracta e ideal
c06,La física y la química se clasifican como ciencias:,e,Formales,Abstractas,Sociales,Aplicadas,Naturales
c06,¿Qué filósofo austriaco influyó en la metodología de la investigación científica?,c,Thomas Kuhn,Moritz Schlick,Karl Popper,Paul Feyerabend,Ludwig Wittgenstein
c06,El conocimiento científico moderno se fundamenta principalmente en la:,b,Intuición,Experiencia,Autoridad,Metafísica,Religión
c06,¿Qué caracteriza a la ciencia como "selectiva"?,d,Que es infalible,Que es universal,Que busca la verdad absoluta,Que elige un objeto de estudio especializado,Que no acepta críticas
c06,La "investigación que corresponde a las características del objeto" es:,a,Objetiva,Subjetiva,Racional,Sistemática,Metódica
c06,¿Qué permite a la ciencia "adelantarse a los hechos"?,c,La descripción,La explicación,La predicción,La aplicación,La hipótesis
c06,Un conjunto de hipótesis verificadas que explica una estructura compleja es una:,e,Ley,Problema,Axioma,Dato,Teoría
c07,¿Qué grupo inició el neopositivismo en 1924?,b,Escuela de Frankfurt,Círculo de Viena,Escuela Jónica,Academia de Platón,Liceo de Aristóteles
c07,¿Quién fue el fundador del Círculo de Viena?,a,Moritz Schlick,Karl Popper,Thomas Kuhn,Paul Feyerabend,Ludwig Wittgenstein
c07,El criterio de demarcación del neopositivismo es el principio de:,d,Falsación,Inconsistencia,Paradigma,Verificación empírica,Deducción lógica
c07,¿Qué método defiende el neopositivismo para la investigación?,b,Deductivo,Inductivo,Anárquico,Dialéctico,Hipotético
c07,¿Cómo considera Karl Popper que es la mente del investigador?,c,Tábula rasa,Vacía de prejuicios,Tábula plena (con ideas previas),Incapaz de razonar,Pura e intuitiva
c07,¿Qué propuso Karl Popper como criterio de demarcación científica?,a,La falsación,La verificación,El paradigma,El "todo vale",La inducción
c07,Según Popper, la ciencia avanza mediante:,e,Verificaciones constantes,Inducciones repetidas,Dogmas establecidos,Acumulación de datos,Conjeturas y refutaciones
c07,¿Qué autor planteó la teoría de los paradigmas?,d,Karl Popper,Rudolf Carnap,Alfred Ayer,Thomas Kuhn,Paul Feyerabend
c07,Un modelo de ciencia que permite describir fenómenos y métodos se llama:,b,Ley,Paradigma,Anomalía,Falsación,Verificación
c07,¿Cuándo ocurre una "revolución científica" según Kuhn?,c,Cuando se verifica una hipótesis,Cuando nace un científico famoso,Cuando un nuevo paradigma sustituye a uno en crisis,Cuando se usa el método inductivo,Cuando se eliminan las matemáticas
c07,¿Qué epistemólogo defendió el "anarquismo epistemológico"?,e,Karl Popper,Thomas Kuhn,Moritz Schlick,Ludwig Wittgenstein,Paul Feyerabend
c07,¿Cuál es la única regla metodológica de Feyerabend?,a,Todo vale,Solo la inducción,Falsación estricta,Verificación directa,Deducción pura
c07,¿Qué filósofo influyó en el Círculo de Viena con su libro Tractatus?,d,Immanuel Kant,Karl Popper,John Stuart Mill,Ludwig Wittgenstein,Thomas Kuhn
c07,Popper criticó al psicoanálisis porque se defendía con:,b,Leyes universales,Hipótesis ad hoc,Experimentos repetibles,Lógica formal,Verificación empírica
c07,Para Kuhn, el desarrollo de las ciencias es:,c,Lineal,Teleológico,Ateleológico,Estático,Inductivo
c07,Feyerabend sostiene que la violación de normas permite el:,a,Progreso de las ciencias,Retroceso científico,Orden metodológico,Dogmatismo,Fin de la razón
c07,¿Qué corriente valora la metafísica como fuente de conjeturas?,b,Neopositivismo,Racionalismo crítico,Relativismo,Conductismo,Empirismo lógico
c07,Según Kuhn, las "anomalías" en un paradigma producen:,d,Certeza,Leyes,Verificación,Crisis,Aplicación
c07,¿Qué autor destaca la importancia de la historia de la ciencia?,e,Moritz Schlick,Rudolf Carnap,Alfred Ayer,Karl Popper,Thomas Kuhn
c07,El neopositivismo buscaba la idea de una ciencia:,c,Dividida,Metafísica,Unificada,Inexacta,Religiosa
c08,¿Cuál es la etimología de axiología?,a,Axios (valor) y logos (estudio),Ethos (costumbre) y logos (tratado),Episteme (ciencia) y logos (discurso),Ontos (ser) y logos (razón),Pathos (sentimiento) y logos (discurso)
c08,¿En qué experiencia el sujeto se mantiene neutral ante el objeto?,b,Valorativa,Contemplativa,Activa,Religiosa,Ética
c08,¿Cómo se llaman los juicios que solo indican características del objeto?,d,Axiológicos,De valor,Morales,De existencia (ónticos),Estéticos
c08,¿Qué elemento influye en la valoración debido a necesidades o intereses?,c,Factor afectivo,Factor intelectual,Factor activo,Factor religioso,Factor social
c08,La característica del valor que indica que todo valor tiene su opuesto es:,a,Polaridad,Grado,Jerarquía,Objetividad,Subjetividad
c08,Si Javier dice que alguien es "bella" y luego "bellísima", se refiere a:,b,Polaridad,Grado,Jerarquía,Objetividad,Utilidad
c08,¿Qué teoría sostiene que lo valioso es lo placentero?,e,Utilitarismo,Naturalismo,Idealismo,Emotivismo,Hedonismo
c08,Representantes del subjetivismo hedonista:,c,Platón y Max Scheler,Aristóteles y Spencer,Aristipo de Cirene y Epicuro,Bentham y Mill,Alfred Ayer
c08,¿Qué postura afirma que el valor depende del desarrollo de una cultura?,d,Subjetivismo,Objetivismo,Idealismo,Socioculturalismo,Escepticismo
c08,¿Qué teoría axiológica defiende Alfred Ayer?,a,Emotivismo o escepticismo,Naturalismo,Utilitarismo,Hedonismo,Idealismo objetivo
c08,Según el idealismo objetivo, los valores son:,b,Cambiantes,Inmutables y absolutos,Sentimientos pasajeros,Utilidades prácticas,Hechos biológicos
c08,¿Quién clasificó los valores en sensoriales, vitales, espirituales, etc.?,e,Aristóteles,Platón,Immanuel Kant,Karl Popper,Max Scheler
c08,El juicio "El Perú es un país con montañas bellas" es un juicio:,c,De existencia,Óntico,De valor,Científico,Matemático
c08,¿Qué factor de la valoración implica un proceso racional y reflexivo?,b,Afectivo,Intelectual,Activo,Sensorial,Emocional
c08,La jerarquía del valor se refiere a:,d,La intensidad del valor,El opuesto del valor,La captura del valor en el objeto,La importancia de un valor sobre otro,La negación del valor
c08,¿Qué postura sostiene que el valor está en las cosas mismas (mundo real)?,a,Naturalismo,Hedonismo,Idealismo objetivo,Emotivismo,Socioculturalismo
c08,Representante del socioculturalismo mencionado en el texto:,c,Herbert Spencer,Aristóteles,Herbert Marcuse,Max Scheler,John Stuart Mill
c08,¿Qué afirma el utilitarismo sobre lo valioso?,b,Que es lo que produce placer corporal,Que es lo que tiene consecuencias beneficiosas,Que es una idea eterna,Que es una emoción subjetiva,Que es un hecho natural
c08,¿Qué característica indica que el valor es captado en el objeto?,e,Jerarquía,Grado,Polaridad,Subjetividad,Objetividad
c08,¿Qué es el valor según el texto?,d,Una ley física,Un objeto concreto,Un sentimiento puro,Una cualidad asignada en un contexto histórico-social,Una entidad matemática
c09,¿Qué significa etimológicamente la palabra "ética"?,a,Costumbre (ethos),Relato (mythos),Ciencia (episteme),Valor (axios),Discurso (logos)
c09,¿Qué concepto regula la convivencia mediante valores y normas sociales?,b,Ética,Moral,Derecho,Religión,Axiología
c09,El valor moral que exige respeto por la autonomía individual es:,c,Igualdad,Justicia,Libertad,Solidaridad,Dignidad
c09,¿Qué tipo de norma es establecida por el Estado y tiene carácter coactivo?,e,Norma moral,Norma religiosa,Norma social,Norma estética,Norma jurídica
c09,¿Qué caracteriza a la "persona moral"?,d,Ser un infante,Ser un demente,Carecer de libertad,Ser consciente y libre,Actuar por instinto
c09,La capacidad de discernir lo correcto de lo incorrecto es la:,b,Libertad moral,Conciencia moral,Responsabilidad moral,Persona amoral,Justicia
c09,¿Qué teoría sostiene que la felicidad es el fin basado en la razón?,a,Eudemonismo,Hedonismo,Estoicismo,Utilitarismo,Formalismo
c09,¿Quién es el principal representante del eudemonismo?,c,Epicuro,Zenón de Citio,Aristóteles,Jeremías Bentham,Immanuel Kant
c09,Para el estoicismo, el fin de la vida es vivir de acuerdo a:,e,El placer,La utilidad,El dinero,La ley del Estado,La naturaleza y el destino
c09,La "ataraxia" en el estoicismo significa:,b,Búsqueda de fama,Serenidad absoluta e imperturbabilidad,Guerra constante,Acumulación de bienes,Placer sensorial intenso
c09,¿Qué autor fundó la ética formal?,d,Aristóteles,Platón,John Stuart Mill,Immanuel Kant,Séneca
c09,El "imperativo categórico" de Kant ordena una acción como:,a,Fin en sí mismo,Medio para un fin,Forma de obtener placer,Sugerencia opcional,Miedo al castigo
c09,¿Qué tesis niega la libertad del hombre argumentando leyes naturales?,c,Indeterminismo,Autodeterminismo,Determinismo,Eudemonismo,Liberalismo
c09,El utilitarismo busca la mayor felicidad para:,b,Uno mismo solamente,El mayor número de personas,Los gobernantes,Los animales,Los antepasados
c09,¿Qué valor moral se opone a toda forma de discriminación?,e,Justicia,Libertad,Dignidad,Solidaridad,Igualdad
c09,¿Quiénes son considerados personas amorales?,a,Infantes y dementes,Políticos,Filósofos,Científicos,Extranjeros
c09,¿Qué es el "deber" según el texto?,c,Una ley impuesta por la fuerza,Un sentimiento de placer,La obligación de realizar lo bueno por criterio propio,Una regla técnica,Una norma jurídica
c09,La justicia distributiva exige:,d,Devolver favores,Imponer castigos físicos,Ignorar a la sociedad,Equidad social al distribuir bienes,Venganza personal
c09,La ética de la resignación es propia del:,b,Hedonismo,Estoicismo,Eudemonismo,Utilitarismo,Existencialismo
c09,Según Sócrates, el mal es producto de la:,e,Razón,Virtud,Felicidad,Ciencia,Ignorancia
c10,¿Qué significa etimológicamente "mythos"?,a,Relato o narración,Razón o discurso,Costumbre o hábito,Ciencia o saber,Valor o mérito
c10,¿Cuál es la finalidad primordial del mito?,b,Científica,Psicológica (dar sentido a la vida),Económica,Política,Matemática
c10,Los mitos que relatan cómo se creó el mundo se llaman:,c,Teogónicos,Escatológicos,Cosmogónicos,Morales,Heroicos
c10,¿Qué clase de mito explica el origen del bien y del mal?,d,Cosmogónico,Teogónico,Escatológico,Moral,Etiológico
c10,La creencia en un solo Dios se denomina:,e,Animatismo,Politeísmo,Panteísmo,Ateísmo,Monoteísmo
c10,¿Qué diferencia principalmente a la ciencia del mito?,a,Eficacia y verificabilidad,Imaginación y fe,Narración y fantasía,Tradición y autoridad,Miedo y esperanza
c10,¿Dónde surgió la filosofía occidental?,c,Atenas,Esparta,Mileto,Roma,Alejandría
c10,¿Quién es considerado el primer filósofo de la historia?,b,Sócrates,Thales de Mileto,Pitágoras,Platón,Aristóteles
c10,¿Quién fue el primero en llamarse a sí mismo "filósofo"?,d,Anaximandro,Heráclito,Parménides,Pitágoras,Demócrito
c10,¿Qué condición estructural permitió el ocio para filosofar en Grecia?,a,El modo de producción esclavista,La falta de comercio,La guerra constante,La ausencia de leyes,El clima frío
c10,La polis griega fue importante para la filosofía porque fue centro de:,e,Silencio,Combate físico,Sacrificios,Agricultura,Discusión y uso de la palabra
c10,El paso del "mito al logos" significa el paso a la:,b,Imaginación,Razón,Religión,Fantasía,Poesía
c10,El mito de Inkarri es un ejemplo de resistencia en:,c,Grecia,Egipto,Época colonial indígena,Roma,India
c10,Los mitos que cuentan el fin del mundo son:,d,Cosmogónicos,Teogónicos,Morales,Escatológicos,Científicos
c10,¿Qué es el animatismo?,a,Creencia en divinidad de fuerzas naturales,Creencia en muchos dioses humanos,Creencia en un Dios espiritual único,Negación de los dioses,Estudio de los animales
c10,¿Qué relaciona al mito con la ciencia?,b,El método deductivo,La intencionalidad de explicar el mundo,La prueba de laboratorio,El uso de fórmulas,La falta de interés
c10,¿En qué siglos surgió la filosofía occidental?,e,I y II d.C.,XV y XVI d.C.,X y XI a.C.,III y IV a.C.,VII y VI a. n. e.
c10,Thales de Mileto fue fundador de la escuela:,c,Pitagórica,Sofista,Jónica,Eleática,Estoica
c10,¿Qué permite el progreso de la ciencia según el anarquismo epistemológico (visto en c07 pero relacionado aquí)?,a,Violación de las normas del método,Seguir fielmente a los dioses,Usar solo la fe,Evitar la razón,No investigar
c10,La filosofía surge cuando los mitos pierden:,d,Belleza,Antigüedad,Idioma,Fuerza explicativa y credibilidad,Color
c11,¿Cuál era el tema central de reflexión en el periodo cosmológico?,a,El orden del universo (kosmos),La virtud del hombre,La existencia de Dios,La estructura del Estado,El origen del lenguaje
c11,¿Cómo se les denominó a los primeros filósofos por buscar el principio en la naturaleza?,b,Metafísicos,Naturalistas o físicos,Sofistas,Éticos,Escépticos
c11,¿Cuál es el significado del término griego arjé?,c,Finalidad,Causa formal,Principio o fundamento,Esencia espiritual,Materia inerte
c11,¿En qué ciudad de Asia Menor surgió la filosofía griega según el texto?,d,Atenas,Esparta,Éfeso,Mileto,Elea
c11,¿Qué filósofo propuso que el agua es el principio de todo?,a,Tales de Mileto,Anaximandro,Anaxímenes,Pitágoras,Heráclito
c11,¿Qué es el ápeiron según Anaximandro?,e,El aire puro,El fuego eterno,El ser inmutable,Los átomos,Lo indeterminado o sin proporción
c11,Para Anaxímenes ¿qué sustancia se condensa y rarifica para formar las cosas?,b,El agua,El aire,La tierra,El fuego,El alma
c11,¿Cuál es la esencia de las cosas para la escuela pitagórica?,c,Los elementos físicos,La voluntad divina,El número,El cambio constante,El vacío
c11,¿Quién es el mayor representante de la escuela eleática?,a,Parménides,Zenón,Heráclito,Demócrito,Empédocles
c11,¿Cuál es una característica del Ser según Parménides?,d,Cambiante,Temporal,Múltiple,Inmutable,Finito
c11,¿Qué filósofo afirmó que todo fluye y que no nos sumergimos dos veces en el mismo río?,b,Parménides,Heráclito,Pitágoras,Anaxágoras,Tales
c11,¿Qué elemento representa mejor la transformación constante para Heráclito?,c,Tierra,Agua,Fuego,Aire,Átomo
c11,¿Cómo se llama la ley que ordena el continuo fluir según Heráclito?,a,Logos,Areté,Nous,Physis,Ápeiron
c11,¿Por qué se denomina pluralistas a filósofos como Empédocles?,e,Porque creen en muchos dioses,Porque viven en ciudades grandes,Porque enseñan a muchos,Porque viajan mucho,Porque proponen múltiples elementos como principio
c11,¿Cuáles son los cuatro elementos de la teoría de Empédocles?,b,Oro plata cobre y hierro,Tierra agua aire y fuego,Átomo vacío ser y no ser,Materia forma acto y potencia,Sal azufre mercurio y plomo
c11,¿Qué fuerzas mueven los elementos en la filosofía de Empédocles?,c,Gravedad y magnetismo,Razón y locura,Amor y Odio,Justicia e injusticia,Calor y frío
c11,¿Qué nombre dio Anaxágoras a las partículas infinitamente pequeñas?,d,Átomos,Elementos,Semillas o homeomerías,Mónadas,Vórtices
c11,¿Qué es el Nous para Anaxágoras?,a,Inteligencia universal o fuerza exterior,El alma individual,El vacío absoluto,La materia prima,El destino ciego
c11,¿Quién es el máximo representante del atomismo mencionado?,b,Leucipo,Demócrito,Epicuro,Zenón,Aristóteles
c11,Según Demócrito ¿qué permite que los átomos se muevan y se agrupen?,c,La fuerza del amor,La divinidad,El vacío,El aire,El agua
c12,¿Cuál es el interés principal del periodo antropológico?,a,El estudio del ser humano,El origen del cosmos,La estructura del átomo,Las leyes de la física,La interpretación de los astros
c12,¿Qué significa originalmente la palabra sofista?,e,Engañador,Extranjero,Político,Orador,Sabio
c12,¿Qué actividad desarrollaron los sofistas para difundir el conocimiento?,b,La meditación,La pedagogía pagada,La guerra,La agricultura,La escultura
c12,¿A quién se le atribuye la frase Solo sé que no sé nada?,c,Protágoras,Gorgias,Sócrates,Platón,Aristóteles
c12,¿Qué significa ser cosmopolita en el contexto de los sofistas?,d,Ser experto en el cosmos,Vivir en el campo,Ser un sabio solitario,Sentirse ciudadano del mundo,Odiar las ciudades
c12,¿Qué filósofo afirmó que el hombre es la medida de todas las cosas?,a,Protágoras de Abdera,Gorgias de Leontini,Sócrates,Anaxágoras,Antístenes
c12,¿Cómo se llama la doctrina que dice que todo es relativo al hombre?,b,Intelectualismo,Homo mensura,Mayéutica,Atomismo,Idealismo
c12,¿Qué enseñaba el método de las antilogías de Protágoras?,c,La verdad absoluta,La piedad religiosa,El arte de discutir,La geometría avanzada,La medicina
c12,¿Qué posición religiosa declaró Protágoras?,e,Teísta,Católico,Politeísta,Panteísta,Agnóstico
c12,¿Qué filósofo nihilista sostuvo que nada existe?,d,Sócrates,Platón,Protágoras,Gorgias de Leontini,Demócrito
c12,¿En qué consiste la ética de la situación de Gorgias?,a,El deber depende de factores circunstanciales,El deber es universal para todos,No existe el deber moral,La moral la dictan los dioses,La moral es un contrato social
c12,¿A través de quiénes conocemos la vida de Sócrates?,b,Sus propios escritos,Sus discípulos,Los historiadores persas,Los sofistas enemigos,Inscripciones en templos
c12,¿Cuál es el fin de la filosofía socrática según el texto?,c,Ganar dinero,Tener éxito político,Conocerse a sí mismo,Explicar el origen del fuego,Crear una religión
c12,Para Sócrates ¿qué es la esencia del hombre?,d,El cuerpo físico,La riqueza acumulada,El honor militar,El alma,La posición social
c12,¿Qué es el intelectualismo ético socrático?,a,La virtud es sabiduría y el vicio es ignorancia,Solo los sabios deben ser ricos,La ética no tiene relación con la razón,El conocimiento es solo para políticos,La moral es un sentimiento
c12,¿Cómo define Sócrates la libertad?,b,Hacer lo que uno quiera,Autodominio sobre los instintos,Escapar de la ciudad,Vivir sin leyes,Poder viajar libremente
c12,¿Cómo se llama el método socrático para hacer parir ideas?,c,Retórica,Dialéctica,Mayéutica,Lógica,Silogismo
c12,¿Qué es la ironía en el método de Sócrates?,d,Un chiste para burlarse,El momento de alcanzar la verdad,La definición universal,El momento negativo para reconocer ignorancia,Una forma de insultar al oponente
c12,Para Sócrates ¿en qué consiste la inducción?,a,Llegar a lo general desde casos particulares,Deducir de leyes universales,Hacer experimentos químicos,Convencer a la asamblea,Aprender de los libros
c12,¿Dónde radica la felicidad del ser humano según Sócrates?,e,En el placer físico,En el poder político,En la fama eterna,En la riqueza material,En la virtud
c13,¿Qué guerra afectó la estabilidad de las polis en el siglo IV a.n.e.?,a,Guerras del Peloponeso,Guerras Médicas,Guerra de Troya,Guerra de los Cien Años,Guerra de Crimea
c13,¿Cuál era el verdadero nombre de Platón?,b,Sócrates,Aristocles,Filipo,Alejandro,Dión
c13,¿Cómo llama Platón al mundo de las ideas captado por el intelecto?,c,Averno,Olimpo,Hiperurano,Physis,Ápeiron
c13,¿Cuál es la idea suprema en la jerarquía platónica?,d,La belleza,La justicia,La verdad,El Bien,La valentía
c13,¿Qué es el conocimiento para Platón?,a,Anamnesis o recuerdo,Observación empírica,Un regalo de los dioses,Una invención humana,Un proceso biológico
c13,¿Cómo se llama el grado más bajo de conocimiento (opinión) en Platón?,e,Noesis,Dianoia,Episteme,Matemática,Doxa
c13,¿Cuál es el método que permite avanzar de idea en idea según Platón?,b,Mayéutica,Dialéctica,Retórica,Silogismo,Experimentación
c13,¿Qué visión tiene Platón sobre el cuerpo humano?,c,Es el templo del espíritu,Es la fuente de la verdad,Es una cárcel para el alma,Es irrelevante para la filosofía,Es la perfección máxima
c13,¿En qué consiste la metempsicosis?,d,En la negación del alma,En la resurrección física,En el juicio final,En la reencarnación del alma,En la unión con el Bien
c13,Según Platón ¿quiénes deben gobernar el Estado?,a,Los filósofos,Los militares,Los comerciantes,Los sacerdotes,El pueblo por sorteo
c13,¿Quién fue el tutor de Alejandro Magno?,b,Platón,Aristóteles,Sócrates,Epicuro,Zenón
c13,¿Cómo se llama la escuela fundada por Aristóteles?,c,La Academia,El Jardín,El Liceo,El Pórtico,La Escuela de Atenas
c13,¿Qué es la filosofía primera para Aristóteles?,d,La física,La ética,La política,La metafísica o teología,La lógica
c13,¿En qué consiste la doctrina del hylemorfismo?,a,El ser es unión de materia y forma,El ser es solo idea,El ser es solo átomos,El ser es agua y aire,El ser es cambio constante
c13,Para Aristóteles ¿qué es el movimiento?,e,Una ilusión de los sentidos,Una lucha de contrarios,Un castigo divino,Una fuerza magnética,El paso de la potencia al acto
c13,¿Cuántas causas plantea Aristóteles para la existencia del movimiento?,b,Dos,Cuatro,Cinco,Diez,Una
c13,¿Qué causa aristotélica se refiere a de qué está hecha una cosa?,c,Eficiente,Formal,Material,Final,Instrumental
c13,¿Cuál es la finalidad del hombre según la ética de Aristóteles?,d,El poder,La riqueza,La fama,La felicidad (eudaimonía),El placer
c13,¿Qué es la virtud ética para Aristóteles?,a,El justo medio entre extremos,La obediencia ciega,El conocimiento puro,El aislamiento social,El sacrificio personal
c13,¿Cómo define Aristóteles al hombre en relación con la sociedad?,b,Como animal solitario,Como animal político,Como esclavo de Dios,Como un ser sin alma,Como un viajero temporal
c14,¿Qué evento histórico marca el inicio del periodo helenístico?,a,Expansión de Alejandro Magno,Caída de Troya,Nacimiento de Sócrates,Fundación de Mileto,Muerte de Aristóteles
c14,¿Cuál era el tema de reflexión principal en la crisis del helenismo?,e,La cosmología,La física cuántica,La geometría,La navegación,El problema moral y la felicidad
c14,¿Quién fue el máximo representante del cinismo?,b,Antístenes,Diógenes de Sinope,Epicuro,Zenón de Citio,Pirrón
c14,¿Qué significa cinismo originalmente?,c,Como un sabio,Como un dios,Como un perro,Como un rey,Como un extranjero
c14,¿Qué filósofos abogaban por limitar necesidades a lo indispensable?,d,Sofistas,Epicúreos,Platónicos,Cínicos,Aristotélicos
c14,¿Cómo se llama la escuela fundada por Epicuro de Samos?,a,El Jardín,La Academia,El Liceo,El Pórtico,La Estoa
c14,¿Qué es el bien supremo para el epicureísmo?,b,El dolor,El placer (hedonismo),La riqueza,La guerra,La política
c14,Para Epicuro ¿de qué debemos huir para ser felices?,c,De la naturaleza,Del conocimiento,De la familia y vida pública,Del ejercicio físico,De la comida
c14,¿Quién fundó el estoicismo?,d,Epicuro,Diógenes,Sócrates,Zenón de Citio,Plotino
c14,¿Cuál es el lema básico de la ética estoica?,a,Vivir en armonía con la naturaleza,Vivir para el placer,Dudar de todo,Buscar el poder,Hacer parir ideas
c14,Para los estoicos ¿qué es la sabiduría?,b,Saber mucha matemática,Ausencia de pasiones (ataraxia/apatía),Tener mucho dinero,Hablar bien en público,Viajar por el mundo
c14,¿Cómo consideran los estoicos a los bienes de la tierra (riqueza salud)?,c,Esenciales,Malvados,Adiáfora (indiferentes),Sagrados,Prohibidos
c14,¿Quién fundó el escepticismo en Grecia?,d,Zenón,Epicuro,Platón,Pirrón de Elis,Sexto Empírico
c14,¿Qué significa skepsis?,a,Duda,Certeza,Amor,Odio,Fuego
c14,¿Qué es la epojé para los escépticos?,e,La búsqueda de la verdad,El placer máximo,La virtud suprema,La guerra justa,La abstención de juicio
c15,¿Qué escuela escogía de diversas teorías lo más adecuado?,b,Estoicismo,Eclecticismo,Cinismo,Atomismo,Mayéutica
c14,¿Quién es el fundador del neoplatonismo?,c,Platón,Aristóteles,Plotino,Cicerón,Séneca
c14,Para Plotino ¿cuál es el origen y explicación de todo?,d,El átomo,El agua,El fuego,El Uno (Dios),La materia
c14,¿Cómo se llama la obra cumbre de Plotino?,a,Enéadas,La República,Metafísica,Ética,Diálogos
c14,Según Plotino ¿cuál es la última etapa de retorno hacia Dios?,e,La guerra,El comercio,La política,La duda,El éxtasis
c15,¿Qué relación predominó en la filosofía medieval?,a,Filosofía sierva de la teología,Filosofía contra la ciencia,Filosofía y deporte,Filosofía y arte,Filosofía y matemáticas
c15,¿Cómo se llama la época de los padres de la Iglesia?,b,Socrática,Patrística,Helenística,Sofística,Presocrática
c15,¿Quién es el máximo representante de la patrística mencionado?,c,Tomás de Aquino,Guillermo de Ockham,Agustín de Hipona,Alberto Magno,Anselmo
c15,Para San Agustín ¿qué es la historia?,d,Un ciclo sin fin,Un accidente biológico,Un proceso económico,La lucha entre la Ciudad Divina y la Terrena,Una ilusión
c15,¿Cuál es la relación entre fe y razón para San Agustín?,a,Cree para que entiendas,Entiende para que creas,La fe no existe,La razón es inútil,Son enemigas mortales
c15,¿Qué es el tiempo para San Agustín?,b,Una línea infinita,Una cualidad de lo material creada por Dios,Un invento de los griegos,El movimiento de los astros,Algo que Dios también padece
c15,¿Cómo es el tiempo para el hombre según San Agustín?,c,Circular,Estático,Tridimensional (presente pasado y futuro),Un sueño,Inexistente
c15,¿Qué teoría explica el descubrimiento de la verdad en el espíritu para Agustín?,d,Teoría del átomo,Teoría del número,Teoría de las ideas,Teoría de la iluminación,Teoría del cambio
c15,¿Qué es el libre albedrío según San Agustín?,a,La libertad de acción humana,La esclavitud natural,El destino fijado por los astros,La ley del más fuerte,La duda constante
c15,¿Qué periodo abarca las actividades en universidades medievales?,e,Oscurantismo,Renacimiento,Patrística,Antigüedad,Escolástica
c15,¿Qué problema medieval discutía sobre las ideas generales?,b,El problema del agua,El problema de los universales,El problema del vacío,El problema del átomo,El problema del movimiento
c15,¿Qué postura afirma que los universales existen como entidades reales?,c,Nominalismo,Escepticismo,Realismo,Cinismo,Epicureísmo
c15,¿Qué postura reduce los universales a meras palabras?,d,Realismo,Intelectualismo,Platonismo,Nominalismo,Dualismo
c15,¿Quién es el representante principal del nominalismo?,a,Guillermo de Ockham,Tomás de Aquino,San Anselmo,Aristóteles,Platón
c15,¿Quién buscó fusionar el pensamiento cristiano con el aristotelismo?,b,San Agustín,Tomás de Aquino,Plotino,Pirrón,Protágoras
c15,¿Cuántas vías propuso Tomás de Aquino para demostrar a Dios?,c,Tres,Cuatro,Cinco,Siete,Diez
c15,Según la vía del movimiento de Santo Tomás ¿quién es la razón última del cambio?,d,El hombre,La naturaleza,El azar,Dios (Primer motor),El sol
c15,¿Qué es la ley natural para Tomás de Aquino?,a,Hacer el bien y evitar el mal,La ley de la selva,La gravedad,El derecho del rey,La duda metódica
c15,Para Santo Tomás ¿qué pasa si la ley humana se opone a la natural?,b,Es la mejor ley,Es injusta,No importa,Se debe quemar,Es obligatoria
c15,¿Cuál es la raíz del mal para Tomás de Aquino?,c,El dinero,La falta de educación,La libertad (desobediencia),La pobreza,El cuerpo físico
c16,¿Quién es considerado el padre de la filosofía moderna?,b,Nicolás de Cusa,René Descartes,Baruch Spinoza,John Locke,Immanuel Kant
c16,¿Cuál es la primera realidad descubierta mediante la duda metódica de Descartes?,c,Dios,El mundo material,El yo pensante,La extensión,Los sentidos
c16,¿Qué doctrina sostiene que el origen del conocimiento es la experiencia?,d,Racionalismo,Criticismo,Fenomenología,Empirismo,Idealismo
c16,¿Quién propuso que la mente al nacer es una "tábula rasa"?,a,John Locke,David Hume,George Berkeley,Gottfried Leibniz,René Descartes
c16,¿Qué filósofo panteísta sostuvo que existe una única sustancia que es Dios?,e,Immanuel Kant,John Locke,René Descartes,David Hume,Baruch Spinoza
c16,¿Cómo llama Kant a la "cosa en sí" que es incognoscible?,b,Fenómeno,Noúmeno,Mónada,Idea,Impresión
c16,¿Cuál es el siglo conocido como el "Siglo de las Luces"?,c,Siglo XVI,Siglo XVII,Siglo XVIII,Siglo XIX,Siglo XV
c16,¿Qué filósofo empirista llegó a un franco escepticismo criticando la causalidad?,d,John Locke,George Berkeley,Francis Bacon,David Hume,Thomas Hobbes
c16,¿Quién planteó la teoría de las mónadas y la armonía preestablecida?,a,Gottfried Leibniz,Baruch Spinoza,René Descartes,Immanuel Kant,John Locke
c16,¿Qué corriente busca conciliar el racionalismo y el empirismo?,c,Positivismo,Existencialismo,Criticismo,Marxismo,Voluntarismo
c16,¿Qué filósofo afirmó que "ser es ser percibido"?,b,David Hume,George Berkeley,John Locke,René Descartes,Nicolás de Cusa
c16,¿Qué facultad superior según Nicolás de Cusa concilia los contradictorios?,e,Sensibilidad,Razón,Memoria,Imaginación,Intelecto
c16,¿Cuál es la obra principal de René Descartes?,a,Discurso del método,Ética,Monadología,Crítica de la razón pura,El capital
c16,¿Qué caracteriza al Renacimiento en relación con la religión?,d,Aumento del dogma,Teocentrismo,Unión de fe y razón,Reacción anticlerical,Escolástica pura
c16,¿Qué filósofo del Renacimiento sostuvo que el hombre construye su destino?,c,Giordano Bruno,Tommaso Campanella,Pico de la Mirándola,Pietro Pomponazzi,Nicolás de Cusa
c16,¿Cuál es el objetivo de la duda metódica cartesiana?,b,Llegar al escepticismo,Asegurar un fundamento firme,Negar a Dios,Criticar la ciencia,Defender los sentidos
c16,¿En qué país tuvo su desarrollo predominante el empirismo?,e,Francia,Alemania,Italia,Holanda,Inglaterra
c16,¿Qué ley moral exige obrar de modo que la acción sea ley universal?,a,Imperativo categórico,Duda metódica,Contrato social,Lucha de clases,Voluntad de poder
c16,¿Qué filósofo renacentista fue condenado por su panteísmo e infinito universo?,c,Tommaso Campanella,Nicolás de Cusa,Giordano Bruno,Pico de la Mirándola,Pietro Pomponazzi
c16,¿Qué filósofo del Renacimiento defendió la mortalidad del alma por depender de lo corporal?,d,Nicolás de Cusa,Giordano Bruno,Pico de la Mirándola,Pietro Pomponazzi,Tommaso Campanella
c17,¿Cuál es el motor de la historia según el materialismo histórico?,c,La razón,La voluntad de Dios,La lucha de clases,El progreso científico,La idea absoluta
c17,¿Quién es el máximo representante del idealismo objetivo?,a,Georg Hegel,Carlos Marx,Augusto Comte,Friedrich Nietzsche,Arthur Schopenhauer
c17,¿Cómo se llama el método de Hegel que tiene tres momentos?,b,Duda metódica,Método dialéctico,Inducción,Fenomenología,Intuicionismo
c17,¿Qué filósofo fundó el positivismo?,d,Georg Hegel,Carlos Marx,Friedrich Nietzsche,Augusto Comte,Arthur Schopenhauer
c17,¿Cuál es el tercer estadio de la evolución del conocimiento según Comte?,e,Teológico,Metafísico,Abstracto,Ficticio,Positivo
c17,¿Qué filósofo afirma que el mundo es "voluntad y representación"?,c,Friedrich Nietzsche,Carlos Marx,Arthur Schopenhauer,Augusto Comte,Georg Hegel
c17,¿Qué concepto de Nietzsche propone un nuevo hombre tras la muerte de Dios?,a,Superhombre,Espíritu absoluto,Mónada,Yo pensante,Dasein
c17,¿Cuáles son las bases filosóficas del marxismo?,b,Idealismo y Positivismo,Materialismo dialéctico e histórico,Racionalismo y Empirismo,Voluntarismo,Criticismo
c17,¿Qué filósofo planteó la "voluntad de poder"?,d,Arthur Schopenhauer,Carlos Marx,Georg Hegel,Friedrich Nietzsche,Augusto Comte
c17,¿En qué estadio de Comte se explican las cosas por fuerzas abstractas?,c,Teológico,Positivo,Metafísico,Científico,Religioso
c17,¿Qué obra pertenece a Carlos Marx?,e,Así habló Zaratustra,Fenomenología del espíritu,Curso de filosofía positiva,El mundo como voluntad,El capital
c17,¿Qué filósofo diferencia la moral del amo de la moral del esclavo?,a,Friedrich Nietzsche,Georg Hegel,Arthur Schopenhauer,Augusto Comte,Carlos Marx
c17,¿Cuál es el punto culminante del idealismo alemán?,b,Kant,Hegel,Marx,Comte,Nietzsche
c17,¿Qué etapa de Comte se asocia con la niñez de la humanidad?,d,Positiva,Científica,Metafísica,Teológica,Industrial
c17,¿Qué filósofo considera que la vida es dolor y hastío?,c,Carlos Marx,Friedrich Nietzsche,Arthur Schopenhauer,Georg Hegel,Augusto Comte
c17,¿Qué momento del espíritu hegeliano se manifiesta en el Estado?,b,Espíritu subjetivo,Espíritu objetivo,Espíritu absoluto,Espíritu santo,Espíritu puro
c17,¿Qué autor critica la "esencia" como una abstracción metafísica?,e,Carlos Marx,Georg Hegel,Friedrich Nietzsche,Arthur Schopenhauer,Augusto Comte
c17,¿Quiénes son los fundadores del marxismo?,a,Marx y Engels,Hegel y Feuerbach,Comte y Mill,Nietzsche y Schopenhauer,Smith y Ricardo
c17,¿A qué corriente se opone el voluntarismo?,d,Empirismo,Positivismo,Existencialismo,Racionalismo absoluto,Materialismo
c17,¿Qué autor considera que la liberación del dolor se da mediante el arte?,c,Carlos Marx,Friedrich Nietzsche,Arthur Schopenhauer,Georg Hegel,Augusto Comte
c18,¿Quién es el fundador de la fenomenología?,b,Martin Heidegger,Edmund Husserl,Jean Paul Sartre,Henri Bergson,William James
c18,¿Qué concepto de Heidegger define al hombre como "ser-ahí"?,c,Cogito,Epojé,Dasein,Élan vital,Mónada
c18,¿Qué autor sostiene que el hombre está "condenado a ser libre"?,a,Jean Paul Sartre,Martin Heidegger,Edmund Husserl,Henri Bergson,William James
c18,¿Cuál es el medio cognitivo auténtico según Henri Bergson?,d,Inteligencia,Razón,Sentidos,Intuición,Memoria
c18,¿Qué término usa Husserl para la "suspensión del juicio"?,e,Duda metódica,Dialéctica,Inferencia,Reducción eidética o epojé,Nihilismo
c18,¿Qué corriente afirma que la verdad es lo que funciona?,c,Existencialismo,Fenomenología,Pragmatismo,Marxismo,Intuicionismo
c18,¿Quién planteó que el hombre es un "ser para la muerte"?,b,Jean Paul Sartre,Martin Heidegger,Henri Bergson,William James,Edmund Husserl
c18,¿Qué filósofo marxista italiano propuso la "filosofía de la praxis"?,d,Georg Lukács,Lenin,Stalin,Antonio Gramsci,Mao Zedong
c18,¿Qué autor escribió "El ser y la nada"?,a,Jean Paul Sartre,Martin Heidegger,Edmund Husserl,Henri Bergson,William James
c18,¿Qué concepto de Bergson explica el impulso originario de la vida?,c,Voluntad de poder,Idea absoluta,Élan vital,Duración pura,Sustancia pensante
c18,¿Cómo denomina Heidegger al lenguaje?,e,Instrumento de dominio,Sistema de signos,Traducción del pensamiento,Habladuría,La casa del ser
c18,¿Qué filósofo húngaro resaltó la importancia de la "conciencia de clase"?,b,Antonio Gramsci,Georg Lukács,Lenin,Marx,Hegel
c18,¿Qué sentimiento produce en el hombre el estar frente a la nada según Heidegger?,d,Náusea,Felicidad,Odio,Angustia,Aburrimiento
c18,¿Qué autor pragmatista escribió "Principios de Psicología"?,c,John Dewey,Charles Peirce,William James,Bertrand Russell,Ludwig Wittgenstein
c18,¿A qué corriente pertenece la frase "hay que ir a las cosas mismas"?,a,Fenomenología,Existencialismo,Pragmatismo,Intuicionismo,Marxismo
c18,¿Qué filósofo existencialista considera que la vida es una "aventura absurda"?,b,Martin Heidegger,Jean Paul Sartre,Edmund Husserl,Henri Bergson,William James
c18,¿Qué diferencia Bergson del tiempo espacializado?,d,Relatividad,Eternidad,Instantaneidad,Duración pura,Futuro
c18,¿Qué autor critica el yo de Husserl diciendo que el yo está fuera?,a,Jean Paul Sartre,Martin Heidegger,Henri Bergson,William James,Antonio Gramsci
c18,¿Qué autor fundó el Partido Comunista Italiano?,e,Georg Lukács,Lenin,Carlos Marx,Federico Engels,Antonio Gramsci
c18,¿Cuál es la obra principal de Martin Heidegger?,c,El capital,Investigaciones lógicas,Ser y tiempo,Pragmatismo,La evolución creadora
c19,¿Quién sostuvo que no existió filosofía en el antiguo Perú?,b,Miguel León Portilla,Augusto Salazar Bondy,José Carlos Mariátegui,Inca Garcilaso,Hipólito Unanue
c19,¿Qué pensador fundó el Partido Socialista Peruano?,c,Víctor Raúl Haya de la Torre,Augusto Salazar Bondy,José Carlos Mariátegui,Manuel González Prada,Bartolomé Herrera
c19,¿Cuál fue el tema central de la escolástica en el Perú?,d,La física de Newton,El método de Descartes,La independencia,La condición humana del indio,El socialismo
c19,¿Quién es el representante máximo del positivismo en el Perú?,a,Manuel González Prada,Bartolomé Herrera,Alejandro Deustua,Jorge Polar,José Carlos Mariátegui
c19,¿Qué filósofo espiritualista peruano se centró en la libertad y la estética?,e,Augusto Salazar Bondy,José Carlos Mariátegui,Víctor Raúl Haya de la Torre,Manuel González Prada,Alejandro Deustua
c19,¿Qué autor propuso la tesis del "espacio-tiempo histórico"?,b,José Carlos Mariátegui,Víctor Raúl Haya de la Torre,Augusto Salazar Bondy,Francisco Miró Quesada,David Sobrevilla
c19,¿Quién reflexionó sobre la "filosofía de la dominación" en el Perú?,d,Bartolomé Herrera,Manuel González Prada,Alejandro Deustua,Augusto Salazar Bondy,Víctor Andrés Belaúnde
c19,¿Qué etapa filosófica trajo la discusión entre conservadores y liberales?,c,Ilustración,Escolástica,Romanticismo,Positivismo,Espiritualismo
c19,¿Quién defendió la "soberanía de la inteligencia" frente a la del pueblo?,a,Bartolomé Herrera,Benito Laso,José Gálvez,Manuel González Prada,Alejandro Deustua
c19,¿Qué revista fue fundada y dirigida por José Carlos Mariátegui?,e,El Mercurio Peruano,La Abeja Republicana,Variedades,Mundial,Amauta
c19,¿Qué autor introdujo la lógica simbólica en el Perú?,b,Augusto Salazar Bondy,Francisco Miró Quesada,Walter Peñaloza,Honorio Delgado,David Sobrevilla
c19,¿Qué filósofo peruano analizó la dependencia y alienación en los 70?,d,Víctor Raúl Haya de la Torre,Mariano Ibérico,Alejandro Deustua,Augusto Salazar Bondy,Francisco Miró Quesada
c19,¿Quiénes debatieron sobre la humanidad del indio en la escolástica?,c,Descartes y Locke,Hegel y Marx,Las Casas y Sepúlveda,Mariátegui y Haya,Herrera y Laso
c19,¿Qué intelectual presidió la Sociedad Amantes del País?,a,Hipólito Unanue,José de la Riva Agüero,Toribio Rodríguez,Bartolomé Herrera,Pedro Peralta
c19,¿Cuál es el mundo de arriba en la cosmovisión prehispánica?,e,Urin pacha,Kay pacha,Mundo de aquí,Mundo de abajo,Hanan pacha
c19,¿Qué autor es el representante del separatismo emancipador?,b,Hipólito Unanue,Vizcardo y Guzmán,Baquíjano y Carrillo,Rodríguez de Mendoza,Bartolomé Herrera
c19,¿Qué médico peruano se sacrificó investigando la verruga?,d,Hipólito Unanue,Honorio Delgado,Daniel Alcides Carrión,Walter Peñaloza,Carlos Wiesse
c19,¿A qué filósofo europeo seguían principalmente los espiritualistas?,c,Kant,Hegel,Bergson,Nietzsche,Comte
c19,¿Qué autor escribió "La aparición histórica"?,a,Mariano Ibérico,Alejandro Deustua,Pedro Zulen,Augusto Salazar Bondy,Francisco Miró Quesada
c19,¿Qué filósofo de origen chino criticó a Bergson?,e,Víctor Li Carrillo,Juan Bautista Ferro,Augusto Salazar Bondy,Francisco Miró Quesada,Pedro Zulen
c20,¿Qué autor peruano hizo una periodización generacional de la filosofía?,b,Augusto Salazar Bondy,Francisco Miró Quesada,Mariano Ibérico,Víctor Andrés Belaúnde,David Sobrevilla
c20,¿Cuál es la primera generación de filósofos del siglo XX según Miró Quesada?,c,Los Técnicos,Los Forjadores,Los Fundadores o Patriarcas,Los Regionalistas,Los Universalistas
c20,¿Qué filósofo argentino es el máximo exponente de la Filosofía de la Liberación?,d,Mario Bunge,Leopoldo Zea,Francisco Romero,Enrique Dussel,Alejandro Korn
c20,¿Qué autor defiende que la autenticidad radica en hacer filosofía pura a la europea?,a,Mario Bunge,Leopoldo Zea,Augusto Salazar Bondy,Enrique Dussel,Samuel Ramos
c20,¿Qué filósofo mexicano es el representante de los regionalistas o afirmativos?,b,Mario Bunge,Leopoldo Zea,Samuel Ramos,José Vasconcelos,Justo Sierra
c20,¿A qué autor europeo seguían los Fundadores en su rechazo al positivismo?,e,Spencer,Marx,Hegel,Kant,Bergson
c20,¿Qué filósofo peruano afirmó que nuestra filosofía es inauténtica por la dominación?,c,Francisco Miró Quesada,Mariano Ibérico,Augusto Salazar Bondy,Víctor Andrés Belaúnde,David Sobrevilla
c20,¿Quiénes protagonizaron la polémica sobre la humanidad del indio en América?,d,Bolívar y San Martín,Mariátegui y Haya,Borges y Neruda,Las Casas y Sepúlveda,Herrera y Laso
c20,¿Qué autor europeo tuvo mayor influencia en el periodo positivista?,a,Herbert Spencer,Augusto Comte,Karl Marx,Friedrich Nietzsche,Arthur Schopenhauer
c20,¿Cómo denomina Francisco Romero al proceso de profesionalización filosófica?,b,Normalización,Modernización,Liberación,Regionalismo,Asuntivismo
c20,¿Qué generación buscó una comprensión cabal de la filosofía europea como proceso?,d,Los Fundadores,Los Técnicos,Los Patriarcas,Los Forjadores,Los Regionalistas
c20,¿Qué corriente europea influyó en los regionalistas como Leopoldo Zea?,c,Racionalismo,Positivismo,Historicismo y Existencialismo,Empirismo,Materialismo
c20,¿Qué autor mexicano escribió sobre la "reproducción" del pensamiento europeo?,e,Justo Sierra,José Vasconcelos,Leopoldo Zea,Samuel Ramos,Benito Díaz de Gamarra
c20,¿En qué periodo se importó el aristotelismo cristiano de Tomás de Aquino?,a,Escolástico,Ilustración,Romántico,Positivista,Contemporáneo
c20,¿Qué autor argentino pertenece a la generación de los Fundadores?,b,Francisco Romero,Alejandro Korn,Mario Bunge,Enrique Dussel,Aníbal Ponce
c20,¿Qué filósofo uruguayo es representante de la generación de los Fundadores?,d,Francisco Romero,Samuel Ramos,Alejandro Korn,Carlos Vaz Ferreira,Leopoldo Zea
c20,¿Qué generación domina las lenguas clásicas y las ciencias positivas?,c,Fundadores,Forjadores,Técnicos,Patriarcas,Regionalistas
c20,¿Qué autor plantea que la filosofía debe generar una "segunda independencia"?,e,Augusto Salazar Bondy,Francisco Miró Quesada,Leopoldo Zea,Mario Bunge,Enrique Dussel
c20,¿Qué periodo se asocia con el caudillismo y la anarquía política?,a,Romántico,Escolástico,Ilustración,Positivista,Contemporáneo
c20,¿Qué autor cubano es representante del positivismo latinoamericano?,b,José Martí,Enrique José Varona,José de la Cruz Caballero,Fidel Castro,José Ingenieros